{
  "collectionName": "components_team_first_levels",
  "info": {
    "displayName": "firstLevel",
    "description": ""
  },
  "options": {},
  "attributes": {
    "img_url": {
      "type": "media",
      "multiple": false,
      "required": true,
      "allowedTypes": [
        "images",
        "files",
        "videos",
        "audios"
      ]
    },
    "designation": {
      "type": "string",
      "required": true
    },
    "name": {
      "type": "string",
      "required": true
    },
    "duties": {
      "type": "component",
      "repeatable": true,
      "component": "elements.duty-and-role"
    }
  }
}
